{
    "1.1": {
        "20": {
            "max_Cv": 1.0864967834346764,
            "temp_at_max_Cv": 4.75,
            "inv_temp_at_max_Cv": 0.21052631578947367
        }
    },
    "1.4": {
        "20": {
            "max_Cv": 1.0984148116153118,
            "temp_at_max_Cv": 3.05,
            "inv_temp_at_max_Cv": 0.3278688524590164
        }
    }
}